Precision,Recall,Accuracy,Errors Percent,Top 7 Errors Percent,Fix Rate,Top 7 Fix Rate,Broken Percent,Speed (words/sec),Spell Checker,Completion Time (seconds)
0.7335166666666667,0.737,0.737,26.3,16.0,73.7,84.0,26.3,4.446312160676438,PySpellChecker,224.90548658370972
0.6122249999999999,0.614,0.614,38.6,29.799999999999997,61.4,70.19999999999999,38.6,4.0696070009600875,TextBlob,245.7239727973938
0.7563,0.756,0.756,24.4,9.700000000000001,75.6,90.3,24.4,22.71184966165831,Hunspell,44.029879331588745
0.6704249999999999,0.668,0.668,33.2,14.099999999999998,66.8,85.9,33.2,371.94100914630116,Jamspell,2.688598394393921
0.676725,0.686,0.686,31.4,31.4,68.60000000000001,68.60000000000001,31.4,35.616619449619265,Autocorrect,28.076780319213867
